"Esperado","Alcançado"
"0.95823407159284","0.99"
"0.89215936789772","0.95"
"0.75398900428075","0.79"
"0.017665134491593","0.08"
"0.69991820184892","0.83"
"0.90445655480238","0.95"
"0.29382124069151","0.34"
"0.46136800831518","0.51"
"0.41741225410236","0.46"
"0.079921819661676","0.084"
"0.37964049486518","0.42"
"0.88739006969658","0.93"
"0.70692456134991","0.75"
"0.20937338765519","0.25"
"0.15272538832228","0.2"
